https://www.adams.edu/president/,https://www.adams.edu/onestop/,https://www.adams.edu/irb/,https://www.adams.edu/titlev/,https://www.adams.edu/athletics/,https://www.adams.edu/admissions/,https://www.adams.edu/about/,https://www.adams.edu/online/,https://www.adams.edu/alumni/,https://www.adams.edu/library/
https://www.aims.edu/,https://www.aims.edu/admissions,https://www.aims.edu/programs,https://www.aims.edu/about,https://www.aims.edu/departments/foundation,https://www.aims.edu/departments/trio,https://www.aims.edu/about/accreditation,https://www.aims.edu/node/4798,https://www.aims.edu/news-events,https://www.aims.edu/node/1362
https://www.arapahoe.edu/,https://www.arapahoe.edu/navigate,https://www.arapahoe.edu/advising-support,https://www.arapahoe.edu/kaleidoscope,https://www.arapahoe.edu/biology/cadaver-lab,https://www.arapahoe.edu/about-acc/accreditation,https://www.arapahoe.edu/spectrum21,https://www.arapahoe.edu/spectrum,https://www.arapahoe.edu/rise,https://www.arapahoe.edu/campus-community/alumni
https://www.coloradomesa.edu/,https://www.coloradomesa.edu/athletics,https://www.coloradomesa.edu/mavclub,https://www.coloradomesa.edu/calendar/,https://www.coloradomesa.edu/future.html,https://www.coloradomesa.edu/camps/attend.html,https://www.coloradomesa.edu/veterans/questions.html,https://www.coloradomesa.edu/commencement-photos.html,https://www.coloradomesa.edu/admissions/brendan.html,https://www.coloradomesa.edu/trustees/index.html
https://coloradomtn.edu/,https://coloradomtn.edu/academics/,https://coloradomtn.edu/classes/,https://coloradomtn.edu/firstgen/,https://catalog.coloradomtn.edu/,https://coloradomtn.edu/programs/,https://commencement2020.coloradomtn.edu/,https://coloradomtn.edu/transcripts/,https://coloradomtn.edu/covid19/,https://coloradomtn.edu/athletics/
https://www.cncc.edu/submit,https://www.cncc.edu/orientation,https://www.cncc.edu/spa3,https://www.cncc.edu/apply/,https://www.cncc.edu/transfer,https://www.cncc.edu/fwys,https://www.cncc.edu/faqs,https://www.cncc.edu/apprenticeships,https://www.cncc.edu/surveys,https://www.cncc.edu/experienceday
https://www.mines.edu/privacy/,https://www.mines.edu/global/,https://www.mines.edu/oilandgas/,https://www.mines.edu/pcmo/,https://www.mines.edu/registrar/,https://www.mines.edu/diversity/,https://www.mines.edu/veterans/,https://www.mines.edu/techfee/,https://www.mines.edu/bursar/,https://www.mines.edu/cpe/
https://www.colostate.edu/,https://www.colostate.edu/employment/,https://www.colostate.edu/admin/,https://www.colostate.edu/privacy/,https://www.colostate.edu/contact/,https://www.colostate.edu/academics/,https://www.colostate.edu/disclaimer/,https://www.colostate.edu/acronym-finder/,http://www.colostate.edu/Depts/KCSU,https://www.colostate.edu/equal-opportunity/
https://www.csupueblo.edu/,https://www.csupueblo.edu/alumni/index.html,https://www.csupueblo.edu/about/index.html,https://www.csupueblo.edu/parents/index.html,https://www.csupueblo.edu/calendar/,https://www.csupueblo.edu/coronavirus/,https://www.csupueblo.edu/admissions/index.html,https://www.csupueblo.edu/music/index.html,https://www.csupueblo.edu/linc/index.html,https://www.csupueblo.edu/registrar/index.html
https://www.ccaurora.edu/books,https://www.ccaurora.edu/room,https://www.ccaurora.edu/CHS,https://www.ccaurora.edu/students,https://www.ccaurora.edu/romeo,https://www.ccaurora.edu/coronavirus,https://www.ccaurora.edu/Assistance,https://www.ccaurora.edu/hiset,https://www.ccaurora.edu/stem_plus,https://www.ccaurora.edu/cosicareerconnections
https://www.ccd.edu/students,https://www.ccd.edu/admission,https://www.ccd.edu/academics,https://www.ccd.edu/employees,https://www.ccd.edu/agdebate,https://www.ccd.edu/,https://www.ccd.edu/menu/administration,https://www.ccd.edu/program/history,https://www.ccd.edu/connecting-partnership,https://www.ccd.edu/pathways/business
https://csuglobal.edu/,https://learn.csuglobal.edu/,https://csuglobal.edu/alumni,https://csuglobal.edu/admissions,https://csuglobal.edu/amazon,https://csuglobal.edu/reenroll,https://globalconnect.csuglobal.edu/,https://csuglobal.edu/consumer-information,https://csuglobal.edu/cost/tuition,https://csuglobal.edu/request-information
https://www.emilygriffith.edu/,https://www.emilygriffith.edu/programs/,https://www.emilygriffith.edu/refunds/,https://www.emilygriffith.edu/assessment/,http://www.emilygriffith.edu/phlebotomy,https://www.emilygriffith.edu/espanol/,https://www.emilygriffith.edu/payment/,https://www.emilygriffith.edu/vdca/,https://www.emilygriffith.edu/location/,https://www.emilygriffith.edu/newsletter/
https://www.fortlewis.edu/hawktank,https://www.fortlewis.edu/townhall,https://www.fortlewis.edu/studenthandbook/,https://www.fortlewis.edu/studentbilling,https://www.fortlewis.edu/chemistry/,https://www.fortlewis.edu/RENAU,https://www.fortlewis.edu/vaccinepolicy,https://www.fortlewis.edu/registration,https://www.fortlewis.edu/shoutout,https://www.fortlewis.edu/academics/
https://www.frontrange.edu/presidentialsearch,https://www.frontrange.edu/campuses,https://www.frontrange.edu/careers,https://www.frontrange.edu/PlainsParadox,https://www.frontrange.edu/espanol,https://www.frontrange.edu/50,https://www.frontrange.edu/primers,https://www.frontrange.edu/about-frcc,https://www.frontrange.edu/campuses/libraries,https://www.frontrange.edu/campuses/bookstores
https://lamarcc.edu/,https://lamarcc.edu/contact/,https://lamarcc.edu/more/,https://lamarcc.edu/checkout/,https://lamarcc.edu/govtownhall2017/,https://lamarcc.edu/staff/,https://lamarcc.edu/schedule/,https://lamarcc.edu/office365/,https://lamarcc.edu/communityblockparty/,https://lamarcc.edu/news/
https://www.msudenver.edu/philosophy/,https://www.msudenver.edu/accessibility/,https://www.msudenver.edu/about/,https://www.msudenver.edu/nutrition/,https://www.msudenver.edu/housing/,https://www.msudenver.edu/exceles/,https://www.msudenver.edu/testing/,https://www.msudenver.edu/westword/,https://www.msudenver.edu/alumni/,https://www.msudenver.edu/cavea/
https://www.morgancc.edu/,https://www.morgancc.edu/express/,https://www.morgancc.edu/bridge/,https://www.morgancc.edu/spring/,https://www.morgancc.edu/foundation/,https://www.morgancc.edu/promise/,https://www.morgancc.edu/careers/,https://www.morgancc.edu/newsroom/,https://www.morgancc.edu/fall/,https://www.morgancc.edu/resources/
https://www.njc.edu/ferpa,https://www.njc.edu/assessment,https://www.njc.edu/sterling,https://www.njc.edu/honors,https://www.njc.edu/cashier,https://www.njc.edu/elearning,https://www.njc.edu/records,https://www.njc.edu/2020AutoShowForm,https://www.njc.edu/cafeteria,https://www.njc.edu/2019regionalartshowform
https://www.otero.edu/,https://www.otero.edu/academics/,https://www.otero.edu/servicesandsupport/,https://www.otero.edu/futurestudents/,https://www.otero.edu/_dev/,https://www.otero.edu/payingforcollege/,https://www.otero.edu/catalog/studentservices/,https://www.otero.edu/about/employment/,https://www.otero.edu/futurestudents/campuslife/,https://www.otero.edu/catalog/programsstudy/
https://www.pickenstech.org/benefitsofnewdirection/,https://www.pickenstech.org/ptcrise/,https://www.pickenstech.org/ada/,https://www.pickenstech.org/students/,https://www.pickenstech.org/facilitiesmaintenancesuccess/,https://www.pickenstech.org/staff/,https://www.pickenstech.org/respiratorytherapyasthma/,https://www.pickenstech.org/ctas/,https://www.pickenstech.org/taxcuts/,https://www.pickenstech.org/programs/
https://www.ppcc.edu/,https://www.ppcc.edu/emp,https://www.ppcc.edu/parley,https://www.ppcc.edu/pbl,https://www.ppcc.edu/syllabus,https://www.ppcc.edu/paralegal,https://www.ppcc.edu/BPSOnline,https://www.ppcc.edu/navigate,http://www.ppcc.edu/fst,https://www.ppcc.edu/ombuds
https://www.pueblocc.edu/,https://www.pueblocc.edu/sports,https://www.pueblocc.edu/graduation,https://www.pueblocc.edu/ChildhoodCouncil,https://www.pueblocc.edu/nss,https://www.pueblocc.edu/pueblocorporatecollege,https://www.pueblocc.edu/idea,https://www.pueblocc.edu/COStateFinancialAid,https://www.pueblocc.edu/EarlyCollege,https://www.pueblocc.edu/veterans
https://www.rrcc.edu/PU,https://www.rrcc.edu/multimedia,https://www.rrcc.edu/cyber,https://www.rrcc.edu/photography,https://www.rrcc.edu/ged,https://www.rrcc.edu/carpentry,https://www.rrcc.edu/history,https://www.rrcc.edu/sociology,https://www.rrcc.edu/science,https://www.rrcc.edu/geography
https://www.tcr.edu/,https://www.tcr.edu/admissions/,https://www.tcr.edu/employment.php,https://www.tcr.edu/covid19.php,https://www.tcr.edu/policies.php,https://www.tcr.edu/students.php,https://www.tcr.edu/resources.php,https://www.tcr.edu/staff.php,https://www.tcr.edu/calendar.php,https://www.tcr.edu/survey.php
https://trinidadstate.edu/,https://trinidadstate.edu/manicurist/,https://trinidadstate.edu/wallpapers/,https://trinidadstate.edu/TGIF/,https://trinidadstate.edu/agriculture/,https://trinidadstate.edu/hairstylist/,https://trinidadstate.edu/biology/,https://trinidadstate.edu/theater/,https://trinidadstate.edu/robotics/,https://trinidadstate.edu/steps/
https://www.colorado.edu/,https://www.colorado.edu/business/,https://www.colorado.edu/chbe/,https://www.colorado.edu/alumni/,https://www.colorado.edu/resources,https://www.colorado.edu/coloradan/,https://www.colorado.edu/summer/,https://www.colorado.edu/buffonecard/,https://www.colorado.edu/events/,https://www.colorado.edu/bursar/
https://www.uccs.edu/viewbook,https://www.uccs.edu/burke,https://www.uccs.edu/mission,http://www.uccs.edu/goca,https://www.uccs.edu/contact,https://www.uccs.edu/students,https://www.uccs.edu/privacystatement,https://www.uccs.edu/cwssp,https://www.uccs.edu/journey,https://www.uccs.edu/facstaff
https://www.ucdenver.edu/thehumantouch,https://www.ucdenver.edu/academics,https://www.ucdenver.edu/veterans,https://www.ucdenver.edu/registrar,https://www.ucdenver.edu/sdmcoronavirus,https://www.ucdenver.edu/dentalawards,https://www.ucdenver.edu/omfs,https://www.ucdenver.edu/transfer,https://www.ucdenver.edu/neuroscience,https://www.ucdenver.edu/cpr
https://www.unco.edu/sustainability/,https://www.unco.edu/catalyst/,https://www.unco.edu/research/,https://www.unco.edu/academy/,https://www.unco.edu/cof/,https://www.unco.edu/programs/,https://www.unco.edu/cumbres/,https://www.unco.edu/academics/,https://www.unco.edu/advancement/,https://www.unco.edu/trustees/
https://western.edu/accessibility/,https://western.edu/profiles/,https://western.edu/alumni/,https://events.western.edu/,https://bookstore.western.edu/,https://western.edu/profile/,https://western.edu/program/marketing/,https://western.edu/program/printmaking/,https://western.edu/program/anthropology/,https://western.edu/program/ceramics/
